{"cameraMode":{"drawMode":0,"name":"Shaded","section":"Shading Mode"},"sceneLighting":true,"audioPlay":false,"sceneViewState":{"showFog":true,"showMaterialUpdate":false,"showSkybox":true,"showFlares":true,"showImageEffects":true,"showParticleSystems":true,"showVisualEffectGraphs":true,"m_FxEnabled":true},"in2DMode":false,"pivot":{"x":1.595174789428711,"y":6.226457118988037,"z":-6.780768871307373},"rotation":{"x":0.30588147044181826,"y":-0.01246066763997078,"z":0.006668272893875837,"w":0.9523292779922485},"size":1.9605741500854493,"orthographic":false}