{"cameraMode":{"drawMode":0,"name":"Shaded","section":"Shading Mode"},"sceneLighting":true,"audioPlay":false,"sceneViewState":{"showFog":true,"showMaterialUpdate":false,"showSkybox":true,"showFlares":true,"showImageEffects":true,"showParticleSystems":true,"showVisualEffectGraphs":true,"m_FxEnabled":true},"in2DMode":false,"pivot":{"x":1.9024808406829835,"y":3.5063419342041017,"z":-2.605647325515747},"rotation":{"x":0.36228400468826296,"y":-0.026018813252449037,"z":0.012843036092817784,"w":0.9319868683815002},"size":1.9605741500854493,"orthographic":false}