{"cameraMode":{"drawMode":0,"name":"Shaded","section":"Shading Mode"},"sceneLighting":false,"audioPlay":false,"sceneViewState":{"showFog":true,"showMaterialUpdate":false,"showSkybox":false,"showFlares":true,"showImageEffects":true,"showParticleSystems":true,"showVisualEffectGraphs":true,"m_FxEnabled":true},"in2DMode":false,"pivot":{"x":1.4942928552627564,"y":13.130514144897461,"z":-9.771056175231934},"rotation":{"x":-0.3172827661037445,"y":-0.0049354443326592449,"z":0.0012997724115848542,"w":-0.9484822750091553},"size":0.8660253882408142,"orthographic":false}